title,subtitle,images,main_text,words_count
О системе,Наименование и обозначение системы / Область применения системы / Основные функции системы / Роли пользователей,[],Название секции: О системе / Наименование и обозначение системы |  Текст секции: Полное наименование: Система управления безопасностью конфигураций ПО. Краткое наименование: ПО «КК». / Область применения системы |  Текст секции: ПО «КК» применяется в информационной безопасности. / Основные функции системы |  Текст секции: ПО «КК» обеспечивает следующие функции: формирование и использование шаблонов безопасной конфигурации; управление профилями проверок конфигураций с возможностью работы с требованиями безопасности; управление базой ресурсов и программной топологией (экземплярами ПО); управление двухуровневой иерархией моделей ПО; проведение аудита конфигураций ПО; формирование отчетов и протоколов проверки по результатам аудита ПО. / Роли пользователей |  Текст секции: ПО «КК» предусматривает следующие роли пользователей: «Пользователь»; «Администратор». Функции пользователя с ролью «Администратор» описаны в документе «Руководство администратора».,114
Работа в системе,Запуск системы / Авторизация / Просмотр информации о системе,"[[{'path': 'data/extracted_images\\image_1.png', 'description': 'Рисунок 1. Страница авторизации'}]]","Название секции: Работа в системе / Запуск системы |  Текст секции: ПО «КК» представляет собой веб-интерфейс, запуск которого осуществляется из браузера. Для запуска ПО «КК»: Откройте браузер. Введите в адресную строку адрес, по которому находится ПО. Если соединение было успешно установлено, то откроется страница авторизации (Рисунок 1). / Авторизация |  Текст секции: Авторизация в ПО «КК» осуществляется по логину и паролю – для авторизации введите их в соответствующие поля (Рисунок 1). Если вход в платформу был выполнен успешно, откроется главная страница. В целях безопасности в ПО предусмотрена смена пароля при истечении его срока действия. / Просмотр информации о системе |  Текст секции: Для просмотра информации о системе требуется выбрать пункт «О продукте» в меню на странице системы. Страница «О продукте» содержит следующее: назначение и функции системы; версия системы; ссылка на сайт производителя; ссылка на сайт с документацией на систему; ссылка на страницу с историей версий системы; ссылка на лицензионное соглашение; информация о лицензии на систему.",155
Работа в системе,Управление учетными записями,"[[{'path': 'data/extracted_images\\image_4.png', 'description': 'Рисунок 4. Редактирование УЗ'}], [{'path': 'data/extracted_images\\image_5.png', 'description': 'Рисунок 5. Удаление УЗ'}]]","Название секции: Работа в системе / Управление учетными записями |  Текст секции: Управление учетными записями (далее – УЗ) позволяет использовать их для доступа к ресурсам. Система содержит следующую информацию об УЗ: наименование; логин; пароль; отметка об использовании. Отметка об использовании показывает, используется ли УЗ в каком-либо ресурсе. С УЗ можно осуществлять следующие действия: создавать; редактировать; удалять. Для управления УЗ требуется выбрать пункт «Администрирование» – «Учетные записи ПО» в меню на странице системы. / Управление учетными записями - Создание УЗ |   Текст секции: Для создания УЗ: Нажмите кнопку «+ Создать» и дождитесь появления окна создания УЗ. Введите наименование УЗ. Введите логин УЗ. Введите пароль УЗ. Нажмите кнопку «Сохранить». Убедитесь, что созданная УЗ появилась в списке УЗ. / Управление учетными записями - Редактирование УЗ |   Текст секции: Для редактирования данных в УЗ: Нажмите на УЗ, которую требуется отредактировать, в списке УЗ. Нажмите отмеченную кнопку (Рисунок 4) в карточке УЗ. Внесите необходимые изменения в данные УЗ. Нажмите кнопку «Сохранить». / Управление учетными записями - Удаление УЗ |   Текст секции: Нельзя удалить УЗ, которая используется в ресурсах. Для удаления УЗ: Нажмите на УЗ, которую требуется удалить, в списке УЗ. Нажмите отмеченную кнопку (Рисунок 5) в карточке УЗ. Подтвердите удаление во всплывшем окне. Убедитесь, что УЗ исчезла из списка УЗ.",205
Работа в системе,Управление шаблонами,"[[{'path': 'data/extracted_images\\image_15.png', 'description': 'Рисунок 15. Выгрузка шаблона из профиля'}]]","Название секции: Работа в системе / Управление шаблонами - Загрузка и обновление шаблона |   Текст секции: Для загрузки шаблона: Нажмите кнопку «Обновить» и дождитесь открытия окна Проводника. Выберите архив шаблона в формате LNZ в Проводнике. Дождитесь загрузки новой версии шаблона. Убедитесь, что новая версия загружена. Для обновления шаблона: Нажмите кнопку «Обновить» и дождитесь открытия окна Проводника. Выберите архив шаблона в формате LNZ в Проводнике. Дождитесь загрузки новой версии шаблона. Убедитесь, что шаблон обновлен. / Управление шаблонами - Выгрузка шаблонов |   Текст секции: Выгрузка шаблона необходима для распространения шаблонов пользователям. Шаблоны выгружаются в формате LNZ. Выгрузка шаблонов осуществляется на странице «Профили». Выгрузка доступна только для профилей, на основе которых созданы шаблоны. Для выгрузки шаблона: Нажмите на профиль, шаблон которого требуется выгрузить, в списке профилей. Нажмите отмеченную кнопку (Рисунок 15) в строке с названием профиля. Дождитесь скачивания шаблона.",136
Работа в системе,Управление шаблонами,"[[{'path': 'data/extracted_images\\image_13.png', 'description': 'Рисунок 13. Шаблон конфигурации'}], [{'path': 'data/extracted_images\\image_14.png', 'description': 'Рисунок 14. Создание шаблона из профиля'}]]","Название секции: Работа в системе / Управление шаблонами |  Текст секции: Шаблон безопасной конфигурации – набор рекомендуемых требований безопасности к модели ПО. Шаблоны являются основой профилей проверок, которые создают пользователи. Шаблоны предоставляются разработчиками системы в файлах в формате LNZ. Предоставленные файлы шаблонов требуется самостоятельно загрузить в систему. После загрузки шаблона его модель появится в иерархии моделей ПО. Система содержит следующую информацию о шаблонах (Рисунок 13): наименование; номер версии; дата последнего обновления версии; применимость. С шаблонами можно осуществлять следующие действия: загружать и обновлять; создавать; выгружать. Для управления шаблонами требуется выбрать пункт «Шаблоны» в меню на странице системы. / Управление шаблонами - Выбор актуальной версии шаблона |   Текст секции: Для выбора актуальной версии шаблона: Убедитесь, что у шаблона присутствует индикатор того, что версия не актуальна. Нажмите на выпадающий список версий шаблона. Выберите актуальную версию в списке. Убедитесь, что индикатор исчез. / Управление шаблонами - Создание шаблона |   Текст секции: Шаблоны создаются на основе профилей. Создание шаблона осуществляется на странице «Профили». Для создания шаблона: Нажмите на профиль, на основе которого требуется создать шаблон, в списке профилей. Нажмите отмеченную кнопку (Рисунок 14) в строке с названием профиля и дождитесь появления окна создания шаблона. Введите наименование шаблона. Нажмите кнопку «Сохранить». Перейдите на страницу «Шаблоны». Убедитесь, что шаблон появился в списке шаблонов.",206
Работа в системе,Настройка шлюзов автоматизации,"[[{'path': 'data/extracted_images\\image_2.png', 'description': 'Рисунок 2. Шлюзы автоматизации'}], [{'path': 'data/extracted_images\\image_3.png', 'description': 'Рисунок 3. Удаление шлюза автоматизации'}]]","Название секции: Работа в системе / Настройка шлюзов автоматизации |  Текст секции: Шлюз автоматизации предназначен для выполнения удаленного автоматического сбора и анализа конфигураций. Система содержит следующую информацию о шлюзах автоматизации (Рисунок 2): наименование шлюза; версия ПО; количество потоков; ресурсы; задачи; дата изменения статуса; статус; состояние. С шаблонами можно осуществлять следующие действия: менять состояние; удалять Для просмотра и настройки шлюзов автоматизации требуется выбрать пункт «Администрирование» – «Шлюзы автоматизации» в меню на странице системы. / Настройка шлюзов автоматизации - Добавление шлюза |   Текст секции: Шлюз автоматизации добавляется автоматически при его обнаружении системой. / Настройка шлюзов автоматизации - Удаление шлюза |   Текст секции: Перед удалением шлюза убедитесь, что он в статусе «Оффлайн» и состоянии «Деактивирован». Для удаления шлюза: Нажмите отмеченную кнопку (Рисунок 3) в строке шлюза, который необходимо удалить. Подтвердите удаление во всплывшем окне. Убедитесь, что шлюз исчез из списка шлюзов.",138
Работа в системе,Настройка шлюзов автоматизации,[],"Название секции: Работа в системе / Настройка шлюзов автоматизации - Статусы шлюза |   Текст секции: Шлюз автоматизации может иметь следующие статусы: «Онлайн», если есть связь со шлюзом; «Оффлайн», если нет связи со шлюзом. Смена статуса шлюза выполняется автоматически при установке или потере связи с ним. / Настройка шлюзов автоматизации - Состояния шлюза |   Текст секции: Шлюз автоматизации может иметь следующие состояния: «Активирован», если шлюз можно назначать ресурсам; «Деактивирован», если шлюз нельзя назначать ресурсам. Для активации шлюза: Нажмите кнопку «Активировать» в строке шлюза. Убедитесь, что состояние шлюза стало «Активирован». При деактивации шлюза обслуживание его ресурсов будет прекращено. Для деактивации шлюза: Нажмите кнопку «Деактивировать» в строке шлюза. Подтвердите деактивацию во всплывшем окне. Убедитесь, что состояние шлюза стало «Деактивирован».",116
Работа в системе,Иерархия моделей ПО,"[[{'path': 'data/extracted_images\\image_8.png', 'description': 'Рисунок 8. Создание модели ПО'}], [{'path': 'data/extracted_images\\image_12.png', 'description': 'Рисунок 12. Удаление модели ПО через кнопку'}]]","Название секции: Работа в системе / Иерархия моделей ПО |  Текст секции: Иерархия моделей ПО – древовидная структура моделей ПО, предназначенная для назначения применимости профилям и требованиям. С моделями ПО можно осуществлять следующие действия: создавать; редактировать; удалять; устанавливать связь ними. Для управления моделями ПО требуется выбрать пункт «Администрирование» – «Модели ПО» в меню на странице системы. / Иерархия моделей ПО - Создание модели ПО |   Текст секции: Модель ПО можно создать двумя способами: с помощью загрузки шаблона (см. п. 2.7.2). через кнопку на странице моделей ПО; через контекстное меню раздела. Для создания модели ПО через кнопку: Нажмите отмеченную кнопку (Рисунок 8) над списком моделей. Убедитесь, что новая модель ПО появилась в списке моделей. Для создания модели ПО через контекстное меню: Нажмите правой кнопкой мыши на раздел, в котором требуется создать модель ПО. Нажмите кнопку «Создать модель ПО» в контекстном меню. Убедитесь, что новая модель ПО появилась в списке моделей. / Иерархия моделей ПО - Удаление модели ПО |   Текст секции: Удаление модели ПО возможно при отсутствии у нее связей с другими моделями. Для удаления связей см. п. 2.6.7. Модель ПО можно удалить двумя способами: через кнопку на странице моделей ПО; через контекстное меню. Для удаления модели ПО через кнопку: Нажмите на модель ПО, которую требуется удалить, в списке моделей. Нажмите отмеченную кнопку (Рисунок 12) над списком моделей. Убедитесь, что модель ПО исчезла из списка моделей. Для удаления модели ПО через контекстное меню: Нажмите правой кнопкой мыши на модель ПО, который требуется удалить, в списке моделей. Нажмите кнопку «Удалить» в контекстном меню. Убедитесь, что модель ПО исчезла из списка моделей.",259
Работа в системе,Иерархия моделей ПО,"[[{'path': 'data/extracted_images\\image_9.png', 'description': 'Рисунок 9. Закрепление модели ПО для добавления связи'}, {'path': 'data/extracted_images\\image_10.png', 'description': 'Рисунок 10. Перетаскивание модели ПО'}], [{'path': 'data/extracted_images\\image_11.png', 'description': 'Рисунок 11. Удаление связи между моделями ПО'}]]","Название секции: Работа в системе / Иерархия моделей ПО - Добавление связей между моделями ПО |   Текст секции: Возможность функционирования модели ПО уровня 2 на модели ПО уровня 1 устанавливается путем добавления связи. Для добавления связи между моделями ПО: Выберите модель ПО, которой требуется установить связь, в списке моделей уровня 1. Нажмите отмеченную кнопку (Рисунок 9)  в строке модели ПО уровня 1. Нажмите на модель ПО, с которой требуется установить связь, в списке моделей уровня 2. Зажмите левую кнопку мыши на модели ПО уровня 2. Перетащите модель ПО уровня 2 в область Уровень 1 (Рисунок 10). Отпустите левую кнопку мыши в области Уровень 1. Убедитесь, что связь между моделями ПО установлена. / Иерархия моделей ПО - Удаление связей между моделями ПО |   Текст секции: Для удаления связи между моделями ПО: Выберите модель ПО, у которой требуется удалить связь, в списке моделей. Дождитесь появления списка связей у выбранной модели ПО. Нажмите отмеченную кнопку (Рисунок 11) в строке связи, которую требуется удалить. Убедитесь, что связь исчезла из списка связей.",167
Работа в системе,Иерархия моделей ПО,"[[{'path': 'data/extracted_images\\image_6.png', 'description': 'Рисунок 6. Пример иерархии моделей ПО уровня 1'}, {'path': 'data/extracted_images\\image_7.png', 'description': 'Рисунок 7. Пример иерархии моделей ПО уровня 2'}]]","Название секции: Работа в системе / Иерархия моделей ПО - Уровни моделей ПО |   Текст секции: Иерархия моделей ПО состоит из двух уровней: уровень 1 (аппаратное ПО); уровень 2 (ПО, функционирующее на ПО уровня 1). На уровне 1 могут размещаться ОС и прошивки (Рисунок 6). На уровне 2 размещается ПО, функционирующее на ПО уровня 1 (Рисунок 7): сервисное ПО; прикладное ПО; инструментальное ПО. ПО данного уровня предназначено для решения практических задач пользователей. / Иерархия моделей ПО - Переименование модели ПО |   Текст секции: Для переименования модели ПО: Нажмите правой кнопкой мыши на модель ПО, которую требуется переименовать. Нажмите кнопку «Переименовать» в контекстном меню. Введите новое наименование модели ПО. / Иерархия моделей ПО - Редактирование свойств модели ПО |   Текст секции: Для редактирования свойств модели ПО: Нажмите на модель ПО, которую требуется отредактировать, в списке моделей. Выберите новый тип подключения, если требуется. Введите новый номер порта, если требуется. Введите новый код обнаружения, если требуется. Нажмите кнопку «Сохранить». / Иерархия моделей ПО - Редактирование свойств применимости модели ПО |   Текст секции: Для редактирования свойств применимости: Нажмите на модель ПО, которую требуется отредактировать, в списке моделей. Дождитесь появления списка связей у выбранной модели ПО. Выберите связь, у которой требуется отредактировать применимость, в списке связей. Введите код обнаружения в свойства применимости. Нажмите кнопку «Сохранить».",210
Аннотация,,[],"Название секции: Аннотация | Текст секции: Настоящее руководство пользователя распространяется на систему управления безопасностью конфигураций ПО (далее – КК), предназначенную для проведения аудита конфигураций встроенного, системного и прикладного программного обеспечения на соответствие лучшим практикам, внутренним стандартам и требованиям регуляторов, а также для решения задачи приведения конфигураций встроенного, системного и прикладного программного обеспечения в соответствие требуемым стандартам. В данном руководстве приведена информация для эксплуатации системы и описание ее функциональных возможностей. Документ предназначен для всех пользователей системы.",75
Работа в системе,Аудит конфигурации ПО,"[[{'path': 'data/extracted_images\\image_45.png', 'description': 'Рисунок 45. Информация об области аудита'}], [{'path': 'data/extracted_images\\image_46.png', 'description': 'Рисунок 46. Дополнительные действия с областью аудита'}]]","Название секции: Работа в системе / Аудит конфигурации ПО |  Текст секции: Аудит безопасности конфигурации ПО – процедура выявления несоответствий между набором требований и конфигурацией ПО. Для проведения аудита конфигурации требуется создать область аудита – набор профилей и ресурсов, для которых запускаются задачи на аудит. Область аудита содержит следующую информацию (Рисунок 45): наименование; дату и время последнего редактирования; дату и время последнего запуска; список задач. Задачи на аудит состоят из подзадач – наборов проверок экземпляров ПО на соответствие требованиям в заданных профилях. Проверка выполняется для конкретного требования и состоит из следующих шагов: сбор конфигурации – процедура получения конфигурационных параметров для конкретного экземпляра ПО; анализ конфигурации – процедура оценки конфигурации на основе ее собранных параметров. В результате завершения подзадачи формируется протокол, в результате завершения задачи – отчет. Для проведения аудита и управления связанными с ним сущностями требуется выбрать пункт «Аудиты» в меню на странице системы. / Аудит конфигурации ПО - Создание области аудита |   Текст секции: Создание области аудита осуществляется на странице «Аудиты» следующими способами: на базе профилей; на базе ресурсов. Для создания области аудита на базе профилей: Нажмите кнопку «+» над списком областей и дождитесь всплытия окна создания области. Введите наименование области аудита. Отметьте пункт «Профилей». Нажмите кнопку «Далее». Отметьте профили, на основании которых требуется провести аудит, в списке профилей. Нажмите кнопку «Далее». Отметьте ресурсы, которые применимы к выбранным профилям, в списке ресурсов. Нажмите кнопку «Сохранить». Убедитесь, что области аудита появилась в списке областей. Для создания области аудита на базе ресурсов: Нажмите кнопку «+» над списком областей и дождитесь всплытия окна создания области. Введите наименование области аудита. Отметьте пункт «Ресурсов». Нажмите кнопку «Далее». Отметьте ресурсы, на основании которых требуется провести аудит, в списке ресурсов. Нажмите кнопку «Далее». Отметьте профили, которые применимы к выбранным ресурсам, в списке профилей. Нажмите кнопку «Сохранить». Убедитесь, что области аудита появилась в списке областей. / Аудит конфигурации ПО - Редактирование области аудита |   Текст секции: В области аудита можно изменить список применимых профилей или ресурсов. Редактирование области аудита осуществляется на странице «Аудиты». Для редактирования области аудита на базе профилей: Нажмите отмеченную кнопку (Рисунок 46) справа в строке с наименованием области аудита, которую требуется отредактировать. Нажмите кнопку «Редактировать». Отметьте ресурсы, которые требуется добавить в область. Удалите отметки с ресурсов, которые требуется удалить из области. Нажмите кнопку «Сохранить». Для редактирования области аудита на базе ресурсов: Нажмите отмеченную кнопку (Рисунок 46) справа в строке с наименованием области аудита, которую требуется отредактировать. Нажмите кнопку «Редактировать». Отметьте профили, которые требуется добавить в область. Удалите отметки с профилей, которые требуется удалить из области. Нажмите кнопку «Сохранить». / Аудит конфигурации ПО - Удаление области аудита |   Текст секции: При удалении области аудита удаляются отчеты по завершенным задачам в данной области. Удаление области аудита осуществляется на странице «Аудиты». Для удаления области аудита: Нажмите отмеченную кнопку (Рисунок 46) справа в строке с наименованием области аудита, которую требуется удалить. Нажмите кнопку «Удалить». Подтвердите удаление во всплывшем окне. Убедитесь, что область аудита исчезла из списка областей.",479
Работа в системе,Аудит конфигурации ПО,"[[{'path': 'data/extracted_images\\image_47.png', 'description': 'Рисунок 47. Информация о задачах'}]]","Название секции: Работа в системе / Аудит конфигурации ПО - Задачи на аудит |   Текст секции: Задача – набор подзадач, которые отражают каждый конкретный аудит согласно области аудита. Карточка задачи содержит следующую информацию (Рисунок 47): номер задачи; статус задачи; область аудита, в которой запускается задача; инициатор запуска задачи; дата и время последнего запуска задачи; дата и время изменения статуса задачи; количество подзадач; итоговый балл; список подзадач; отчет о задаче, если задача имеет статус «Завершена». Задача и подзадача могут иметь следующие статусы: «Выполняется» – означает, что в данный момент задача выполняется; «В очереди» – означает, что задача в очереди на выполнение; «Отменена» – означает, что выполнение задачи отменено пользователем; «Ошибка» – означает, что при выполнении задач возникла ошибка; «Завершена» – означает, что все проверки выполнены, сформирован протокол аудита. Задачи автоматически создаются в области аудита, их можно запускать и отменять. Управление задачами осуществляется на странице «Аудиты». Для просмотра карточки задачи требуется нажать на неё в списке задач области аудита. / Аудит конфигурации ПО - Запуск задачи |   Текст секции: Запуск задачи осуществляется следующими способами: из списка областей аудита (данный способ запустит выполнение всех задач в области аудита); из карточки задачи. Для запуска задачи из списка областей аудита: Выберите область аудита, в которой требуется запустить задачи, в списке областей. Нажмите кнопку «Запустить» справа в строке области аудита. Убедитесь, что у задачи появился статус «Выполняется». Для запуска задачи из карточки задачи: Выберите область аудита, в которой требуется запустить задачу, в списке областей. Нажмите на задачу, которую требуется запустить, в списке задач области. Нажмите кнопку «Запустить» справа в строке с информацией о задаче. Убедитесь, что у задачи появился статус «Выполняется». / Аудит конфигурации ПО - Отмена задачи |   Текст секции: Отмена задачи осуществляется следующими способами: из списка областей аудита (данный способ отменит выполнение всех задач в области аудита); из карточки задачи. Для отмены задачи из списка областей аудита: Выберите область аудита, в которой требуется отменить задачи, в списке областей. Нажмите кнопку «Отменить» справа в строке области аудита. Убедитесь, что у задачи появился статус «Отменена». Для отмены задачи из карточки задачи: Выберите область аудита, в которой требуется запустить задачу, в списке областей. Нажмите на задачу, которую требуется запустить, в списке задач области. Нажмите кнопку «Отменить» справа в строке с информацией о задаче. Подтвердите удаление задачи во всплывшем окне. Убедитесь, что у задачи появился статус «Отменена».",379
Работа в системе,Аудит конфигурации ПО,"[[{'path': 'data/extracted_images\\image_48.png', 'description': 'Рисунок 48. Содержание отчета аудита'}], [{'path': 'data/extracted_images\\image_49.png', 'description': 'Рисунок 49. Содержание протокола аудита'}, {'path': 'data/extracted_images\\image_50.png', 'description': 'Рисунок 50. Включение древовидной структуры отображения'}, {'path': 'data/extracted_images\\image_51.png', 'description': 'Рисунок 51. Включение отображения списком'}, {'path': 'data/extracted_images\\image_52.png', 'description': 'Рисунок 52. Включение фильтрации требований'}], [{'path': 'data/extracted_images\\image_53.png', 'description': 'Рисунок 53. Завершение сбора конфигурации'}, {'path': 'data/extracted_images\\image_54.png', 'description': 'Рисунок 54. Указание результата сбора конфигурации'}, {'path': 'data/extracted_images\\image_55.png', 'description': 'Рисунок 55. Завершение анализа конфигурации'}, {'path': 'data/extracted_images\\image_56.png', 'description': 'Рисунок 56. Указание результата анализа конфигурации'}]]","Название секции: Работа в системе / Аудит конфигурации ПО - Просмотр отчета аудита |   Текст секции: Отчет фиксирует результаты завершения задачи на аудит. Отчет содержит следующую информацию (Рисунок 48): дату формирования отчета; список подзадач с указанием общего балла по результатам проверки; список проверок в подзадаче с указанием статусов протоколов и балла; статистику по протоколам с индикацией по количеству баллов. Отчеты можно просматривать и скачивать. Просмотр отчета осуществляется в карточке задачи из области аудита на странице «Аудиты». Для просмотра отчета: Убедитесь, что задача, отчет которой требуется просмотреть, имеет статус «Завершена». Нажмите на вкладку «Отчёт». Отображение подзадач в отчете можно изменить, выбрав группировку по профилям или по ресурсам. Для группировки нажмите кнопку «Ресурсу» или «Профилю». Для сброса группировки нажмите кнопку «Очистить». Для скачивания отчета: Убедитесь, что задача, отчет которой требуется скачать, имеет статус «Завершена». Нажмите на вкладку «Отчёт». Нажмите кнопку «Скачать». Дождитесь скачивания отчета. / Аудит конфигурации ПО - Просмотр протокола аудита |   Текст секции: Протокол фиксирует результаты проведенного аудита экземпляра ПО. Протокол аудита содержит следующую информацию (Рисунок 49): наименование протокола; общую оценку по результатам аудита; статус протокола; дату создания протокола; дату завершения протокола; статистику проверки; список проверяемых требований; наименование профиля и экземпляра ПО; применимость; IP-адрес, номер порта и наименование ресурса. Протокол может иметь следующие статусы: «В работе» – означает, что в протоколе есть требования, требующие ручного действия; «Завершен» – означает, что все проверки завершены. Протоколы можно просматривать, менять в нем отображения требований, завершать и выгружать скрипты сбора и анализа конфигурации. Работа с протоколом осуществляется в карточке задачи из области аудита на странице «Аудиты». Для просмотра протокола: Убедитесь, что подзадача, протокол которой требуется просмотреть, имеет статус «Завершена». Нажмите кнопку «Протокол» в строке подзадачи, протокол которой требуется посмотреть. Статистика проверок аудита отображает количество проверок с индикацией в зависимости от статуса. Для каждого статуса проверок на диаграмме статистики указано числовое значение их количества с индикацией цветом: Протокол содержит список требований, каждое из которых может иметь следующую индикацию в зависимости от статуса: Требования можно отображать двумя способами: древовидной структурой – с разделами; списком – без разделов. Для смены отображения на древовидное нажмите отмеченную кнопку (Рисунок 50) над требованиями. При древовидном отображении можно раскрывать и скрывать все разделы с требованиями соответствующими кнопками. Для смены отображения на отображение списком нажмите отмеченную кнопку (Рисунок 51) над требованиями. Требования можно фильтровать по статусу проверки. Для фильтрации требований: Нажмите отмеченную кнопку (Рисунок 52)  над требованиями. Отметьте необходимые фильтры во всплывшем окне. Нажмите кнопку «Применить». Для сброса фильтрации требований: Нажмите отмеченную кнопку (Рисунок 52) над требованиями. Нажмите кнопку «Сбросить» во всплывшем окне. / Аудит конфигурации ПО - Завершение протокола аудита |   Текст секции: Завершение протокола – выполнение необходимых ручных действий для требований с отметками: Завершение сбора конфигурации возможно только при наличии результата сбора. Для завершения сбора: Выберите требование с соответствующей отметкой из списка требований. Перейдите на вкладку «Сбор конфигурации». Нажмите отмеченную кнопку (Рисунок 53) для указания результата сбора. Выберите результат сбора (Рисунок 54). Если результатом является текст, то введите строку, которая должна быть результатом сбора. Если результатом является пустая строка, убедитесь, что она указана в качестве результата. Нажмите кнопку «Сохранить». Нажмите кнопку «Завершить сбор». Убедитесь, что отметка о необходимости завершит сбор конфигурации исчезла у требования. Для завершения анализа конфигурации: Выберите требование с соответствующей отметкой из списка требований. Перейдите на вкладку «Анализ конфигурации». Нажмите отмеченную кнопку (Рисунок 55) для указания результата анализа. Выберите результат анализа (Рисунок 56). Нажмите кнопку «Сохранить». Нажмите кнопку «Завершить анализ». Убедитесь, что отметка о необходимости завершить анализ конфигурации исчезла у требования.",563
Работа в системе,Управление профилями,"[[{'path': 'data/extracted_images\\image_16.png', 'description': 'Рисунок 16. Информация о профиле'}], [{'path': 'data/extracted_images\\image_17.png', 'description': 'Рисунок 17. Создание профиля'}], [{'path': 'data/extracted_images\\image_26.png', 'description': 'Рисунок 26. Удаление профиля из списка профилей'}, {'path': 'data/extracted_images\\image_27.png', 'description': 'Рисунок 27. Удаление профиля из карточки'}]]","Название секции: Работа в системе / Управление профилями |  Текст секции: Профиль проверки – набор требований безопасности, предназначенный для проверки модели ПО при проведении аудита. Система содержит следующую информацию о профилях (Рисунок 16): наименование профиля; применимость; статус; дата последнего изменения. Статус профиля может быть следующим: «Черновик» – устанавливается автоматически при создании профиля и означает, что профиль требует заполнения требованиями; «Активный» – означает, что профиль может использоваться в аудите экземпляров ПО; «Архивный» – означает, что профиль не используется в аудите экземпляров ПО. С профилями можно осуществлять следующие действия: создавать; копировать; редактировать свойства; редактировать требования; менять статус; удалять. Для управления профилями требуется выбрать пункт «Профили» в меню на странице системы. / Управление профилями - Создание профиля из списка профилей |   Текст секции: Для создания профиля из списка профилей: Нажмите кнопку «+ Профиль» справа над списком профилей. Дождитесь всплытия окна создания профиля (Рисунок 17). Введите уникальное наименование профиля. Убедитесь, что в качестве источника набора требований выбран пункт «Не задан», чтобы созданный профиль не содержал требования. Нажмите кнопку «Сохранить». Убедитесь, что созданный профиль появился в списке профилей. / Управление профилями - Удаление профиля |   Текст секции: Удаление профиля возможно только для профиля со статусом «Черновик». Удаление профиля можно выполнить двумя способами: через список профилей; через карточку профиля. Для удаления профиля через список профилей: Найдите профиль, который требуется удалить, в списке профилей. Нажмите отмеченную кнопку (Рисунок 26) в строке профиля. Подтвердите удаление во всплывшем окне. Убедитесь, что профиль исчез из списка профилей. Для удаления профиля через карточку профиля: Нажмите отмеченную кнопку (Рисунок 27) в правом верхнем углу карточки профиля. Подтвердите удаление во всплывшем окне. Убедитесь, что профиль исчез из списка профилей.",266
Работа в системе,Управление профилями,"[[{'path': 'data/extracted_images\\image_18.png', 'description': 'Рисунок 18. Копирование профиля через список'}, {'path': 'data/extracted_images\\image_19.png', 'description': 'Рисунок 19. Копирование профиля через карточку'}], [{'path': 'data/extracted_images\\image_20.png', 'description': 'Рисунок 20. Создание профиля на базе шаблона'}], [{'path': 'data/extracted_images\\image_21.png', 'description': 'Рисунок 21. Переименование профиля'}]]","Название секции: Работа в системе / Управление профилями - Копирование профиля |   Текст секции: Копирование профиля можно выполнить двумя способами: через список профилей; через карточку профиля. Для копирования профиля через список профилей: Наведите курсор на профиль, который требуется скопировать, в списке профилей. Нажмите отмеченную кнопку (Рисунок 18) в строке профиля. Дождитесь всплытия окна создания копии профиля. Измените наименование профиля, если требуется. Нажмите кнопку «Сохранить». Убедитесь, что скопированный профиль появился в списке профилей. Для копирования профиля через карточку профиля: Нажмите на профиль, который требуется скопировать, в списке профилей. Нажмите отмеченную кнопку (Рисунок 19) в правом верхнем углу карточки профиля. Дождитесь всплытия окна создания копии профиля. Измените наименование профиля, если требуется. Нажмите кнопку «Сохранить». Убедитесь, что скопированный профиль появился в списке профилей. / Управление профилями - Создание профиля через перечень шаблонов |   Текст секции: Для создания профиля через перечень шаблонов: Перейдите на страницу «Шаблоны». Наведите курсор на шаблон, на основе которого требуется создать профиль. Нажмите кнопку «Создать профиль» в строке шаблона. Дождитесь всплытия окна создания профиля на базе шаблона (Рисунок 20). Выберите версию шаблона, на основе которой требуется создать профиль. Введите уникальное наименование профиля, если требуется. Нажмите кнопку «Сохранить». Перейдите на страницу «Профили». Убедитесь, что созданный профиль появился в списке профилей. / Управление профилями - Редактирование требований профиля |   Текст секции: Управление требованиями осуществляется внутри конкретного профиля проверки. Для редактирования требований в профиле нажмите на наименование профиля, который требуется отредактировать, в списке профилей. Управление требованиями описано в п. 2.9. / Управление профилями - Переименование профиля |   Текст секции: Для переименования профиля: Нажмите на профиль, который требуется переименовать, в списке профилей. Нажмите отмеченную кнопку (Рисунок 21) рядом с названием профиля. Введите новое уникальное наименование профиля. Убедитесь, что профиль содержит новое наименование.",278
Работа в системе,Управление профилями,"[[{'path': 'data/extracted_images\\image_22.png', 'description': 'Рисунок 22. Смена применимости профиля'}, {'path': 'data/extracted_images\\image_23.png', 'description': 'Рисунок 23. Удаление применимости'}], [{'path': 'data/extracted_images\\image_24.png', 'description': 'Рисунок 24. Архивация профиля через список профилей'}, {'path': 'data/extracted_images\\image_25.png', 'description': 'Рисунок 25. Дополнительные действия с профилем'}]]","Название секции: Работа в системе / Управление профилями - Смена применимости профиля |   Текст секции: Применимость профиля задается на основе созданной иерархии моделей ПО (см. п. 2.5). Применимости можно добавлять и удалять. Для добавления применимости: Нажмите на наименование профиля, которому требуется добавить применимость, в списке профилей. Нажмите отмеченную кнопку (Рисунок 22) рядом с выпадающим списком. Дождитесь появления окна управления применимостью. Зажмите левую кнопку мыши на модели ПО, применимость которой требуется добавить. Перетащите модель ПО в правую область. Отпустите левую кнопку мыши в правой области. Убедитесь, что модель ПО добавлена в список применимости. Нажмите кнопку «Сохранить». Для удаления применимости: Нажмите на наименование профиля, из которого требуется удалить применимость, в списке профилей. Нажмите отмеченную кнопку (Рисунок 22) рядом с выпадающим списком. Дождитесь появления окна управления применимостью. Нажмите модель ПО, которую требуется удалить, в правой области. Нажмите отмеченную кнопку (Рисунок 23) в строке выбранной модели ПО. Нажмите кнопку «Сохранить». / Управление профилями - Активация профиля |   Текст секции: Профиль можно активировать, если в нем нет требований в статусе «Черновик». Сменить статус профиля на «Активный» можно двумя способами: через список профилей; через карточку профиля. Для смены статуса профиля на «Активный» через список профилей: Наведите курсор на профиль, статус которого требуется изменить. Нажмите кнопку «Активировать» в строке профиля. Подтвердите активацию профиля во всплывшем окне. Для смены статуса профиля на «Архивный» через карточку профиля: Нажмите кнопку «Активировать» в правом верхнем углу карточки профиля. Подтвердите активацию профиля во всплывшем окне. / Управление профилями - Архивация профиля |   Текст секции: Профиль можно архивировать, если он находится в статусе «Активный». Сменить статус профиля на «Архивный» можно двумя способами: через список профилей; через карточку профиля. Для смены статуса профиля на «Архивный» через список профилей: Наведите курсор на профиль, статус которого требуется изменить. Нажмите отмеченную кнопку (Рисунок 24) в строке профиля. Подтвердите архивацию профиля во всплывшем окне. Для смены статуса профиля на «Архивный» через карточку профиля: Нажмите отмеченную кнопку (Рисунок 25) в правом верхнем углу карточки профиля. Нажмите кнопку «Архивировать». Подтвердите архивацию профиля во всплывшем окне.",325
Работа в системе,Управление ресурсами,"[[{'path': 'data/extracted_images\\image_39.png', 'description': 'Рисунок 39. Информация о ресурсе'}]]","Название секции: Работа в системе / Управление ресурсами |  Текст секции: Ресурс – самостоятельно функционирующая в инфраструктуре конфигурационная единица. Ресурс обладает программной топологией – набором экземпляров ПО, которые установлены на данном ресурсе. Взаимодействие с ресурсом может осуществляться как по сети, так и без сетевого доступа. Система содержит следующую информацию о ресурсах (Рисунок 39): наименование ресурса; IP-адрес ресурса; список экземпляров ПО с указанием модели, данных об учетной записи, типе и номере порта при наличии. С ресурсами можно осуществлять следующие действия: добавлять; редактировать; управлять программной топологией; импортировать; экспортировать; удалять. Для удобства управления ресурсами в системе реализована древовидная иерархическая структура размещения разделов и ресурсов на произвольной глубине. Для управления ресурсами требуется выбрать пункт «Ресурсы» в меню на странице системы. / Управление ресурсами - Добавление раздела |   Текст секции: Разделы хранят другие разделы и сами ресурсы. Создание раздела осуществляется на странице «Ресурсы» двумя способами: через список ресурсов; через контекстное меню раздела. Для создания раздела через список ресурсов: Нажмите отмеченную кнопку (Рисунок 29) над списком ресурсов. Введите наименование раздела. Убедитесь, что раздел появился в списке ресурсов. Для создания раздела через контекстное меню другого раздела: Нажмите правой кнопкой мыши на раздел, в котором требуется создать раздел. Нажмите кнопку «Создать раздел» в контекстном меню. Введите наименование нового раздела. Убедитесь, что раздел появился в списке ресурсов. / Управление ресурсами - Переименование раздела |   Текст секции: Для переименования раздела: Нажмите правой кнопкой мыши на раздел, который требуется переименовать. Нажмите кнопку «Переименовать» в контекстном меню. Введите новое наименование раздела. Убедитесь, что раздел содержит новое наименование. / Управление ресурсами - Перемещение раздела |   Текст секции: Для перемещения раздела: Зажмите левую кнопку мыши на разделе, который требуется переместить. Перетащите раздел в ту часть списка ресурсов, куда требуется его переместить. Отпустите левую кнопку мыши. Убедитесь, что раздел перемещен. / Управление ресурсами - Удаление раздела |   Текст секции: Удаление раздела возможно только для пустого раздела. Для удаления одного раздела: Нажмите правой кнопкой мыши на раздел, который требуется удалить. Нажмите кнопку «Удалить» в контекстном меню. Подтвердите удаление во всплывшем окне. Убедитесь, что раздел был удален.",330
Работа в системе,Управление ресурсами,[],"Название секции: Работа в системе / Управление ресурсами - Создание online-ресурса |   Текст секции: Ресурс, работающий по сети, можно создать двумя способами: через список ресурсов; через контекстное меню раздела. Для создания online-ресурса через список ресурсов: Нажмите отмеченную кнопку «+» над списком ресурсов. Дождитесь всплытия окна создания ресурса. Введите наименование ресурса. Включите работу с ресурсом по сети переключателем «Работать с ресурсом по сети». Введите IP-адрес ресурса. Выберите шлюз автоматизации из перечня шлюзов. Нажмите кнопку «Сохранить». Для создания online-ресурса через контекстное меню раздела: Нажмите правой кнопкой мыши на раздел, в котором требуется создать ресурс. Нажмите кнопку «Создать ресурс» в контекстном меню. Дождитесь всплытия окна создания ресурса. Введите наименование ресурса. Включите работу с ресурсом по сети переключателем «Работать с ресурсом по сети». Введите IP-адрес ресурса. Выберите шлюз автоматизации из перечня шлюзов. Нажмите кнопку «Сохранить». / Управление ресурсами - Создание offline-ресурса |   Текст секции: Ресурс без сетевого доступа можно создать двумя способами: через список ресурсов; через контекстное меню раздела. Для создания offline-ресурса через список ресурсов: Нажмите отмеченную кнопку «+» над списком ресурсов. Дождитесь всплытия окна создания ресурса. Введите наименование ресурса. Отключите работу с ресурсом по сети переключателем «Работать с ресурсом по сети». Нажмите кнопку «Сохранить». Для создания offline-ресурса через контекстное меню раздела: Нажмите правой кнопкой мыши на раздел, в котором требуется создать ресурс. Нажмите кнопку «Создать ресурс» в контекстном меню. Дождитесь всплытия окна создания ресурса. Введите наименование ресурса. Отключите работу с ресурсом по сети переключателем «Работать с ресурсом по сети». Нажмите кнопку «Сохранить».",239
Работа в системе,Управление ресурсами,"[[{'path': 'data/extracted_images\\image_40.png', 'description': 'Рисунок 40. Редактирование ресурса'}], [{'path': 'data/extracted_images\\image_41.png', 'description': 'Рисунок 41. Редактирование программной топологии'}]]","Название секции: Работа в системе / Управление ресурсами - Переименование ресурса |   Текст секции: Для переименования ресурса: Нажмите правой кнопкой мыши на ресурс, который требуется переименовать. Нажмите кнопку «Переименовать» в контекстном меню. Введите новое наименование ресурса. / Управление ресурсами - Перемещение ресурса |   Текст секции: Для перемещения ресурса: Зажмите левую кнопку мыши на ресурсе, который требуется переместить. Перетащите ресурс в ту часть списка ресурсов, куда требуется его переместить. Отпустите левую кнопку мыши. / Управление ресурсами - Редактирование данных ресурса |   Текст секции: Для редактирования ресурса: Нажмите на ресурс, который требуется отредактировать, в списке ресурсов. Нажмите отмеченную кнопку (Рисунок 40) справа в строке с названием ресурса. Внесите необходимые изменения в поля ресурса. Нажмите кнопку «Сохранить». / Управление ресурсами - Редактирование программной топологии |   Текст секции: Программная топология ресурса – набор экземпляров ПО, которые установлены на ресурсе. Экземпляры ПО соответствуют конкретным моделям ПО из иерархии (см. п. 2.5). Для каждого экземпляра ПО в системе указано наименование. Если ресурс работает по сети, то у экземпляров также указаны (Рисунок 39): тип взаимодействия; номер порта; тип и данные учетной записи. Для редактирования программной топологии ресурса: Выберите ресурс, программную топологию которого требуется отредактировать, в списке ресурсов. Нажмите отмеченную кнопку (Рисунок 41). Дождитесь появления окна редактирования программной топологии. Внесите изменения в программную топологию. Для подробной информации о редактировании программной топологии см. п. 2.10.11, п. 2.10.12 и п. 2.10.14. / Управление ресурсами - Удаление ресурса |   Текст секции: Удаление ресурса осуществляется на странице «Ресурсы». Для удаления ресурса: Нажмите правой кнопкой мыши на ресурс, который требуется удалить, в списке ресурсов раздела. Нажмите кнопку «Удалить» в контекстном меню. Подтвердите удаление во всплывшем окне. Убедитесь, что ресурс исчез из списка ресурсов.",270
Работа в системе,Управление ресурсами,"[[{'path': 'data/extracted_images\\image_42.png', 'description': 'Рисунок 42. Редактирование экземпляра ПО'}]]","Название секции: Работа в системе / Управление ресурсами - Добавление экземпляра ПО |   Текст секции: Программная топология ресурса содержит экземпляры ПО уровней 1 и 2 в соответствии с иерархией моделей ПО. Добавление экземпляров ПО осуществляется в карточке ресурса на странице «Ресурсы». Для добавления экземпляров ПО в программную топологию: Выберите ресурс в списке ресурсов. Нажмите отмеченную кнопку (Рисунок 41) и дождитесь появления окна редактирования программной топологии. Добавьте экземпляр ПО уровня 1 (см. п. 2.10.11.1). Добавьте один или несколько экземпляров ПО уровня 2 (см. п. 2.10.11.2). Нажмите кнопку «Сохранить». Для добавления экземпляра ПО уровня 1: Выберите экземпляр ПО, который требуется добавить в программную топологию, в списке экземпляров ПО уровня 1. Зажмите левую кнопку мыши на экземпляре ПО уровня 1. Перетащите экземпляр ПО уровня 1 в правую область. Отпустите левую кнопку мыши в правой области. Убедитесь, что экземпляр ПО уровня 1 появился в правой области. Для редактирования параметров подключения экземпляра ПО уровня 1 см.  п. 2.10.12. Список экземпляров ПО уровня 2 формируется на основе добавленного экземпляра ПО уровня 1. В случае, если экземпляр ПО уровня 1 не задан, в списке экземпляров ПО 2 уровня будут доступны все модели ПО уровня 2 из иерархии. Для добавления экземпляра ПО уровня 2: Выберите экземпляр ПО, который требуется добавить в программную топологию, в списке экземпляров ПО уровня 2. Зажмите левую кнопку мыши на экземпляре ПО уровня 2. Перетащите экземпляр ПО уровня 2 в правую область. Отпустите левую кнопку мыши в правой области. Убедитесь, что экземпляр ПО уровня 2 появился в правой области. Для редактирования параметров подключения экземпляра ПО уровня 2 см.  п. 3.9.12. / Управление ресурсами - Редактирование экземпляра ПО |   Текст секции: В программной топологии ресурса экземплярам ПО любого уровня можно менять параметры подключения: указывать тип учетной записи, тип взаимодействия и номер порта. Редактирование параметров подключения экземпляров ПО осуществляется в карточке ресурса на странице «Ресурсы». Для редактирования экземпляра ПО: Выберите ресурс, экземпляр ПО которого требуется удалить, в списке ресурсов. Нажмите отмеченную кнопку (Рисунок 41) и дождитесь появления окна редактирования программной топологии. Нажмите на экземпляр ПО, который требуется отредактировать, в программной топологии ресурса. Дождитесь появления окна свойств экземпляра ПО (Рисунок 42). Выберите тип учетной записи. Если выбрана локальная УЗ, требуется ввести логин и пароль. Если выбрана глобальная УЗ, требуется выбрать ее из выпадающего списка. Выберите тип взаимодействия. Введите номер порта. Нажмите кнопку «Сохранить».",376
Работа в системе,Управление ресурсами,"[[{'path': 'data/extracted_images\\image_43.png', 'description': 'Рисунок 43. Пример экспортированного CSV-файла ресурсов'}, {'path': 'data/extracted_images\\image_44.png', 'description': 'Рисунок 44. Импорт ресурсов'}]]","Название секции: Работа в системе / Управление ресурсами - Импорт и экспорт ресурсов |   Текст секции: Ресурсы можно импортировать и экспортировать внутри разделов. Импорт ресурса позволяет загрузить его данные в систему из файла формата CSV. Экспорт ресурса позволяет сохранить его данные в файл формата CSV. Импорт и экспорт доступны через контекстное меню раздела с ресурсами. CSV-файл экспорта ресурсов состоит из заголовка, который задает название полей, и строк с данными. Данные разделены запятыми (Рисунок 43). Поля, которые объявлены в заголовке CSV-файла, представлены в таблице (Таблица 1). Таблица 1. Заголовки экспортируемого CSV-файла { ""id"": Идентификатор объекта дерева ресурсов, ""title"": Наименование объекта, ""parent_id"": Идентификатор родительского объекта в дереве ресурсов, ""order"": Порядковый номер данного объекта в подразделе, ""resource_id"": Идентификатор ресурса, ""has_children"": Наличие дочерних объектов (TRUE - есть объекты; FALSE - нет объектов), ""score"": Оценка ресурса по результатам аудита, ""data"": Описание параметров ресурса в формате JSON (Таблица 2), ""type"": Тип объекта (NODE - раздел; RESOURCE - ресурс) } Данные в поле data представлены в таблице (Таблица 2). Таблица 2. Информация в поле data { ""type"": Тип взаимодействия (1 - ssh; 2 - winrm), ""repair"": Наличие исправления (TRUE - есть исправление; FALSE - нет исправления), ""ip"": IP-адрес ресурса, ""port"": Номер порта, ""id"": Идентификатор ресурса, ""online"": Наличие работы с ресурсом по сети (TRUE - есть работа по сети; FALSE - нет работы по сети), ""name"": Наименование ресурса } Для импорта ресурса: Нажмите правой кнопкой мыши на раздел, в который требуется импортировать ресурсы. Нажмите кнопку «Импорт из файла» в контекстном меню. Дождитесь появления окна импорта ресурсов (Рисунок 44). Нажмите кнопку «Выбрать файл» во всплывшем окне. Окно выбора файла для импорта Выберите файл ресурсов для загрузки в систему. Выберите глобальную учетную запись из списка глобальных учетных записей. Выберите шлюз автоматизации из списка шлюзов. Нажмите кнопку «Импортировать». Дождитесь окончания загрузки файла. Убедитесь, что ресурсы из файла импортировались верно. Для экспорта ресурса: Нажмите правой кнопкой мыши на раздел, ресурсы и подразделы которого требуется экспортировать. Нажмите кнопку «Экспорт в файл» в контекстном меню. Дождитесь окончания скачивания файла. Убедитесь, что ресурсы в файле экспортировались верно. / Управление ресурсами - Удаление экземпляра ПО |   Текст секции: Удаление экземпляров ПО осуществляется в карточке ресурса на странице «Ресурсы». При удалении экземпляра ПО будет удалена вся программная топология ресурса. Для удаления экземпляра ПО: Выберите ресурс, программную топологию которого требуется отредактировать, в списке ресурсов. Нажмите отмеченную кнопку (Рисунок 41) и дождитесь появления окна редактирования программной топологии. Нажмите на экземпляр ПО, который требуется удалить, в программной топологии ресурса. Нажмите отмеченную кнопку (Рисунок 23) в строке выбранного экземпляра ПО. Подтвердите удаление во всплывшем окне. Убедитесь, что экземпляр ПО был удален.",420
Работа в системе,Управление требованиями,"[[{'path': 'data/extracted_images\\image_28.png', 'description': 'Рисунок 28. Общие сведения требования'}], [{'path': 'data/extracted_images\\image_38.png', 'description': 'Рисунок 38. Удаление требования из карточки требования'}]]","Название секции: Работа в системе / Управление требованиями |  Текст секции: Требование – атомарный элемент внутри профиля проверки, описывающий требование к параметрам безопасности конфигурации компонента. Для удобства управления требованиями в системе реализована древовидная иерархическая структура размещения разделов и требований на произвольной глубине. Система содержит следующую информацию о требованиях (Рисунок 28): наименование требования; отметка «Черновик», если требование находится в данном статусе; дата последнего редактирования; общие сведения; применимость требования; скрипты для сбора, анализа и исправления конфигурации. С требованиями можно осуществлять следующие действия: добавлять; редактировать; менять применимость и статус; удалять; запускать процедуры проверки скриптов при просмотре требования. Для управления требованиями требуется нажать на профиль и перейти в режим редактирования карточки профиля (см. п. 5). / Управление требованиями - Удаление требования |   Текст секции: Удаление требования можно выполнить двумя способами: через карточку профиля; через карточку требования. Через карточку профиля возможно удалить одно или несколько требований. Для удаления одного требования через карточку профиля: Нажмите правой кнопкой мыши на требование, которое требуется удалить. Нажмите кнопку «Удалить» в контекстном меню. Подтвердите удаление во всплывшем окне. Для удаления нескольких требований через карточку профиля: Зажмите клавишу «Ctrl». Нажмите на требования, которые требуется удалить. Отпустите клавишу «Ctrl». Нажмите правой кнопкой мыши на любое выделенное требования. Нажмите кнопку «Удалить» в контекстном меню. Подтвердите удаление во всплывшем окне. Для удаления требования через карточку требования: Нажмите на требование, которое требуется удалить. Нажмите отмеченную кнопку (Рисунок 38) справа в строке с названием требования. Подтвердите удаление во всплывшем окне.",234
Работа в системе,Управление требованиями,"[[{'path': 'data/extracted_images\\image_29.png', 'description': 'Рисунок 29. Создание раздела'}]]","Название секции: Работа в системе / Управление требованиями - Добавление раздела |   Текст секции: Разделы хранят другие разделы и сами требования. Создание раздела осуществляется внутри карточки профиля двумя способами: через список требований; через контекстное меню раздела. Для создания раздела через список требований: Нажмите отмеченную кнопку (Рисунок 29) над списком требований. Введите наименование раздела. Убедитесь, что раздел появился в списке требований. Для создания раздела через контекстное меню другого раздела: Нажмите правой кнопкой мыши на раздел, в котором требуется создать раздел. Нажмите кнопку «Создать раздел» в контекстном меню. Введите наименование нового раздела. Убедитесь, что раздел появился в списке требований. / Управление требованиями - Переименование раздела |   Текст секции: Для переименования раздела: Нажмите правой кнопкой мыши на раздел, который требуется переименовать. Нажмите кнопку «Переименовать» в контекстном меню. Введите новое наименование раздела. Убедитесь, что раздел содержит новое наименование. / Управление требованиями - Перемещение раздела |   Текст секции: Для перемещения раздела: Зажмите левую кнопку мыши на разделе, который требуется переместить. Перетащите раздел в ту часть списка требований профиля, куда требуется его переместить. Отпустите левую кнопку мыши. Убедитесь, что раздел перемещен. / Управление требованиями - Удаление раздела |   Текст секции: Удаление раздела возможно только для пустого раздела. Для удаления одного раздела: Нажмите правой кнопкой мыши на раздел, который требуется удалить. Нажмите кнопку «Удалить» в контекстном меню. Подтвердите удаление во всплывшем окне. Убедитесь, что раздел был удален. Для удаления нескольких разделов: Зажмите клавишу «Ctrl». Нажмите левой кнопкой мыши на разделы, которые требуется удалить. Отпустите клавишу «Ctrl». Нажмите правой кнопкой мыши на любой выделенный раздел. Нажмите кнопку «Удалить» в контекстном меню. Подтвердите удаление во всплывшем окне. Убедитесь, что выделенные разделы были удалены.",264
Работа в системе,Управление требованиями,"[[{'path': 'data/extracted_images\\image_30.png', 'description': 'Рисунок 30. Редактирование требования'}]]","Название секции: Работа в системе / Управление требованиями - Создание требования |   Текст секции: Требование можно создать вне или внутри раздела. Для создания требования вне раздела: Нажмите кнопку «+» над списком требований. Нажмите отмеченную кнопку (Рисунок 30) в правом верхнем углу созданного требования. Заполните данные созданного требования (см. п. 2.9.6, 2.9.7, 2.9.8, 2.9.9 и 2.9.10). Нажмите кнопку «Сохранить». Для создания требования внутри раздела: Нажмите правой кнопкой мыши на раздел, в котором требуется создать требование. Нажмите кнопку «Создать требование» в контекстном меню. Нажмите отмеченную кнопку (Рисунок 30) в правом верхнем углу созданного требования. Заполните данные созданного требования (см. п. 2.9.6, 2.9.7, 2.9.8, 2.9.9 и 2.9.10). Нажмите кнопку «Сохранить». / Управление требованиями - Переименование требования |   Текст секции: Для переименования требования: Нажмите правой кнопкой мыши на требование, которое требуется переименовать. Нажмите кнопку «Переименовать» в контекстном меню. Введите новое наименование требования. Убедитесь, что требование содержит новое наименование. / Управление требованиями - Редактирование данных требования |   Текст секции: Для редактирования данных требования: Нажмите на требование, которое требуется отредактировать, в списке требований. Нажмите отмеченную кнопку (Рисунок 30) в строке с названием требования. Внесите необходимые изменения в требование. Нажмите кнопку «Сохранить». Для подробной информации о редактировании данных на каждой вкладке требования см. п. 2.9.6, п. 2.9.8, п. 2.9.9 и п. 2.9.10. / Управление требованиями - Использование отметки «Черновик» |   Текст секции: Отметка «Черновик» отображает статус требования. После снятия данной отметки требование появится в Едином реестре требований и станет доступно для добавления (см. п. 2.9.11). Для добавления отметки «Черновик»: Нажмите правой кнопкой мыши на требование, которому требуется добавить отметку, в списке требований. Нажмите кнопку «Пометить как черновик» в контекстном меню. Убедитесь, что отметка появилась у требования. Для снятия у требования отметки «Черновик»: Нажмите правой кнопкой мыши на требование, с которого требуется снять отметку, в списке требований. Нажмите кнопку «Снять отметку» в контекстном меню. Убедитесь, что отметка исчезла у требования.",302
Работа в системе,Управление требованиями,"[[{'path': 'data/extracted_images\\image_31.png', 'description': 'Рисунок 31. Сведения требования'}], [{'path': 'data/extracted_images\\image_32.png', 'description': 'Рисунок 32. Применимость требования'}]]","Название секции: Работа в системе / Управление требованиями - Добавление сведений |   Текст секции: Добавление сведений осуществляется на вкладке «Сведения» в карточке требования (Рисунок 31). Для добавления сведений: Введите наименование требования. Введите описание требования. Введите обоснование важности требования. Выберите один или несколько тегов из списка тегов. Если тега нет в списке, нажмите кнопку «+ Тег» для добавления его в список. Нажмите кнопку «+ Источник». Введите номер пункта источника. Выберите источник из перечня источников для данной модели ПО. Нажмите кнопку «Сохранить». / Управление требованиями - Добавление применимости |   Текст секции: Требование может иметь группы применимости. Для каждой группы можно указать свои скрипты сбора, анализа и исправления конфигурации. Добавление применимости требования осуществляется в карточке требования (Рисунок 32). Для добавления применимости требования: Нажмите кнопку «+» в области «Применимость требования». Зажмите левую кнопку мыши на модели ПО или разделе, применимость которого требуется добавить. Перетащите модель ПО или раздел в правую область. Отпустите левую кнопку мыши в правой области. Убедитесь, что модель ПО или раздел добавлен в список применимости. Нажмите кнопку «Сохранить». / Управление требованиями - Использование отметки «Черновик» |   Текст секции: Отметка «Черновик» отображает статус требования. После снятия данной отметки требование появится в Едином реестре требований и станет доступно для добавления (см. п. 2.9.11). Для добавления отметки «Черновик»: Нажмите правой кнопкой мыши на требование, которому требуется добавить отметку, в списке требований. Нажмите кнопку «Пометить как черновик» в контекстном меню. Убедитесь, что отметка появилась у требования. Для снятия у требования отметки «Черновик»: Нажмите правой кнопкой мыши на требование, с которого требуется снять отметку, в списке требований. Нажмите кнопку «Снять отметку» в контекстном меню. Убедитесь, что отметка исчезла у требования.",264
Работа в системе,Управление требованиями,"[[{'path': 'data/extracted_images\\image_33.png', 'description': 'Рисунок 33. Сбор конфигурации требования'}], [{'path': 'data/extracted_images\\image_34.png', 'description': 'Рисунок 34. Анализ конфигурации требования'}], [{'path': 'data/extracted_images\\image_35.png', 'description': 'Рисунок 35. Исправление конфигурации требования'}], [{'path': 'data/extracted_images\\image_36.png', 'description': 'Рисунок 36. Единый реестр требований'}]]","Название секции: Работа в системе / Управление требованиями - Добавление данных сбора конфигурации |   Текст секции: Для добавления данных сбора конфигурации требуется указать применимость требования (см. п. 2.9.7) и выбрать ее в списке групп применимости. Добавление данных сбора конфигурации осуществляется на вкладке «Сбор конфигурации» в карточке требования (Рисунок 33). Сбор конфигурации может осуществляться вручную или автоматически. Для добавления данных ручного сбора конфигурации: Нажмите на вкладку «Сбор конфигурации». Выберите группу применимости из списка групп. Введите описание процедуры для ручного сбора. Нажмите кнопку «Сохранить». Для добавления данных автоматического сбора конфигурации: Нажмите на вкладку «Сбор конфигурации». Выберите группу применимости из списка групп. Введите скрипт для автоматического сбора. Нажмите кнопку «Сохранить». Для проверки скрипта автоматического сбора конфигурации: Выберите ресурс из перечня ресурсов (для создания ресурса см. п. 2.10.5). Нажмите кнопку «Выполнить». Просмотрите результат выполнения. / Управление требованиями - Добавление данных анализа конфигурации |   Текст секции: Для добавления данных анализа конфигурации требуется указать применимость требования и выбрать ее в списке групп применимости. Добавление данных анализа конфигурации осуществляется на вкладке «Анализ конфигурации» в карточке требования (Рисунок 34). Анализ конфигурации может осуществляться вручную или автоматически. Для автоматического анализа требуется написать скрипт на языке Python. В скрипте описывается функция check(), в которую передаются данные сбора конфигурации. Функция возвращает True или False в зависимости от результата анализа данных сбора: def check(data): # data – данные сбора конфигурации ''' Здесь должен быть код анализа данных сбора ''' # Функция должна возвращать True, если анализ считается успешным # В противном случае нужно написать return False return True Для добавления данных ручного анализа конфигурации: Нажмите на вкладку «Анализ конфигурации». Выберите группу применимости из списка групп. Введите описание процедуры для ручного анализа. Нажмите кнопку «Сохранить». Для добавления данных автоматического анализа конфигурации: Нажмите на вкладку «Анализ конфигурации». Выберите группу применимости из списка групп. Введите скрипт для автоматического анализа. Нажмите кнопку «Выполнить» для проверки работы скрипта. Нажмите кнопку «Сохранить». / Управление требованиями - Добавление данных исправления конфигурации |   Текст секции: Для добавления данных исправления конфигурации требуется указать применимость требования и выбрать ее в списке групп применимости. Добавление данных исправления конфигурации осуществляется на вкладке «Исправление конфигурации» в карточке требования (Рисунок 35). Исправление конфигурации может осуществляться вручную или автоматически. Для добавления данных ручного исправления конфигурации: Нажмите на вкладку «Исправление конфигурации». Выберите группу применимости из списка групп. Введите описание процедуры для ручного исправления. Нажмите кнопку «Сохранить». Для добавления данных автоматического исправления конфигурации: Нажмите на вкладку «Исправление конфигурации». Выберите группу применимости из списка групп. Введите скрипт для автоматического исправления. Нажмите кнопку «Сохранить». Для проверки скрипта автоматического исправления конфигурации: Выберите ресурс из перечня ресурсов (для создания ресурса см. п. 2.10.5). Нажмите кнопку «Выполнить». Просмотрите результат выполнения. / Управление требованиями - Добавление требования из Единого реестра требований |   Текст секции: В системе реализован Единый реестр требований, из которого можно добавлять требования в профиль. Реестр пополняется созданными требованиями после снятия у них отметки «Черновик» Для добавления требования из единого реестра требований: Нажмите правой кнопкой мыши на раздел, в котором требуется создать требование. Нажмите кнопку «Добавить требование из Реестра» в контекстном меню. Дождитесь появления окна единого реестра требований (Рисунок 36). Выберите требование, которое необходимо добавить, в реестре требований. Нажмите кнопку «Выбрать». Убедитесь, что требование добавилось в профиль.",514
Дополнительная информация,Сообщения об ошибках,[],"Название секции: Дополнительная информация / Сообщения об ошибках | Текст секции: Таблица 3. Сообщения об ошибках { ""Веб-интерфейс отобразил уведомление «Could not validate credentials»"": Требуется ввести валидный логин и пароль, ""Веб-интерфейс отобразил уведомление «Ошибка обновления шаблона»"": Требуется заново загрузить файл шаблона, ""Веб-интерфейс отобразил уведомление «Учетная запись «Наименование УЗ» используется»"": Требуется удалить ресурс, в котором используется УЗ, ""Веб-интерфейс отобразил уведомление «Выбранный элемент уже используется в данном требовании»"": Требуется добавить другую модель ПО в применимость профиля, либо сохранить, ""Веб-интерфейс отобразил уведомление «Выберите хотя бы один профиль»"": Требуется выбрать профиль для области аудита, ""Веб-интерфейс отобразил уведомление «Выберите хотя бы один ресурс»"": Требуется выбрать ресурс для области аудита } КОНТАКТНАЯ ИНФОРМАЦИЯ Техническая поддержка +7 (495) 258-06-36 info@lense.ru lense.ru Если Вам требуется квалифицированная помощь, позвоните на телефон «горячей линии поддержки», напишите письмо или воспользуйтесь формой регистрации заявки на сайте.",134
